,KADAST,KV,NOG,SUG,MAJOR,FORMULA,PLAT,IERIK,atj_gads,KOPTS,OWNE,STAT
0,44980020033.0,,,,,,7.13,,,,Sodra,1
1,44980020034.0,,LZ,,,,1.07,,,,Sodra,1
2,76580040095.0,1.0,4,,,,0.17,,2019.0,,Sodra,2
3,76580040095.0,1.0,11,,,,0.9,,2019.0,,Sodra,2
4,44980020146.0,,LZ,,,,0.52,,,,Sodra,1
5,76420110076.0,6.0,1,Priede,,,1.18,2020,2022.0,01.01.2023.,Sodra,0
6,76420110076.0,6.0,7,Priede,,,0.24,2020,2022.0,01.01.2023.,Sodra,0
7,76420060116.0,1.0,1,Egle,,,0.2,2020,2022.0,01.01.2023.,Sodra,0
8,76420060116.0,1.0,11,Egle,,,3.33,2020,2022.0,01.01.2023.,Sodra,0
9,76420060116.0,1.0,14,Egle,,,0.24,2020,0.0,01.01.2023.,Sodra,0
10,76420060116.0,1.0,20,Egle,,,0.8,2020,2022.0,01.01.2023.,Sodra,0
11,76420060116.0,1.0,6,Egle,,,0.23,2020,2022.0,01.01.2023.,Sodra,0
12,60420070140.0,1.0,29,Egle,,,1.75,2020,2022.0,01.01.2023.,Sodra,0
13,60420030102.0,1.0,3,Egle,,,0.19,2020,,01.01.2023.,Sodra,0
14,60420030102.0,1.0,6,Egle,,,0.56,2020,2022.0,01.01.2023.,Sodra,0
15,60420030102.0,1.0,8,Egle,,,0.74,2020,,01.01.2023.,Sodra,0
16,60420030102.0,1.0,11,Egle,,,0.14,2020,2022.0,01.01.2023.,Sodra,0
17,60420030102.0,1.0,12,Egle,,,,2020,,01.01.2023.,Sodra,2
18,60420030102.0,1.0,13,Egle,,,0.35,2020,2022.0,01.01.2023.,Sodra,0
19,60460060027.0,1.0,7,Egle,,,1.42,2020,2022.0,01.01.2023.,Sodra,0
20,60460060027.0,1.0,3,Egle,,,1.1,2020,0.0,01.01.2023.,Sodra,0
21,60460060027.0,1.0,9,Egle,,,,2020,,01.01.2023.,Sodra,2
22,60460060027.0,1.0,10,Egle,,,,2020,,01.01.2023.,Sodra,2
23,60460060027.0,1.0,12,Egle,,,,2020,,01.01.2023.,Sodra,2
24,60460060027.0,1.0,13,Egle,,,,2020,,01.01.2023.,Sodra,2
25,44460020389.0,2.0,2,Egle,,,0.14,2020,0.0,01.01.2023.,Sodra,0
26,44460020389.0,2.0,3,Egle,,,0.41,2020,0.0,01.01.2023.,Sodra,0
27,44460020389.0,2.0,5,Egle,,,0.44,2020,0.0,01.01.2023.,Sodra,0
28,44460020389.0,2.0,6,Egle,,,0.31,2020,0.0,01.01.2023.,Sodra,0
29,44460020389.0,2.0,7,Egle,,,0.33,2020,0.0,01.01.2023.,Sodra,0
30,44460020389.0,2.0,9,Egle,,,0.71,2020,0.0,01.01.2023.,Sodra,0
31,44460020389.0,2.0,10,Egle,,,0.54,2020,0.0,01.01.2023.,Sodra,0
32,44460020389.0,2.0,11,Egle,,,0.6,2020,0.0,01.01.2023.,Sodra,0
33,44460020389.0,2.0,13,Egle,,,0.33,2020,0.0,01.01.2023.,Sodra,0
34,44460020389.0,2.0,14,Egle,,,0.17,2020,0.0,01.01.2023.,Sodra,0
35,44460020389.0,2.0,15,Egle,,,2.75,2020,0.0,01.01.2023.,Sodra,0
36,44460020389.0,2.0,17,Egle,,,3.58,2020,0.0,01.01.2023.,Sodra,0
37,44460020389.0,2.0,18,Egle,,,3.21,2020,0.0,01.01.2023.,Sodra,0
38,44460020458.0,3.0,2,Bērzs,,,0.2,2020,2022.0,01.01.2023.,Sodra,0
39,44460020458.0,3.0,3,Bērzs,,,0.23,2020,2022.0,01.01.2023.,Sodra,0
40,44460020458.0,3.0,4,Bērzs,,,0.47,2020,2022.0,01.01.2023.,Sodra,0
41,44460020458.0,3.0,5,Bērzs,,,0.66,2020,2022.0,01.01.2023.,Sodra,0
42,44460020458.0,3.0,6,Bērzs,,,0.26,2020,2022.0,01.01.2023.,Sodra,0
43,44460020458.0,3.0,7,Bērzs,,,0.1,2020,0.0,01.01.2023.,Sodra,0
44,44460050203.0,1.0,1,Egle,,,0.4,2020,2022.0,01.01.2023.,Sodra,0
45,44460050203.0,1.0,1,Egle,,,0.4,2020,2022.0,01.01.2023.,Sodra,0
46,44460050203.0,1.0,13,Egle,,,0.59,2020,2022.0,01.01.2023.,Sodra,0
47,44460050203.0,1.0,14,Egle,,,1.15,2020,2022.0,01.01.2023.,Sodra,0
48,44460050203.0,1.0,19,Egle,,,0.19,2020,2022.0,01.01.2023.,Sodra,0
49,44460050203.0,1.0,30,Egle,,,0.77,2020,2022.0,01.01.2023.,Sodra,0
50,44460050203.0,1.0,31,Egle,,,0.15,2020,2022.0,01.01.2023.,Sodra,0
51,44460050203.0,1.0,32,Egle,,,0.49,2020,2022.0,01.01.2023.,Sodra,0
52,44460050203.0,1.0,34,Egle,,,1.26,2020,2022.0,01.01.2023.,Sodra,0
53,44460050203.0,1.0,42,Egle,,,1.56,2020,2022.0,01.01.2023.,Sodra,0
54,44460050203.0,1.0,7,Egle,,,0.54,2020,2022.0,01.01.2023.,Sodra,0
55,44460020131.0,1.0,1,Priede,,,2.08,2020,2022.0,01.01.2023.,Sodra,0
56,44460010504.0,2.0,1,Egle,,,0.72,2020,2022.0,01.01.2023.,Sodra,0
57,44460010504.0,2.0,2,Egle,,,0.97,2020,0.0,01.01.2023.,Sodra,0
58,44460010504.0,2.0,3,Egle,,,0.3,2020,0.0,01.01.2023.,Sodra,0
59,44460010504.0,2.0,6,Egle,,,0.55,2020,2022.0,01.01.2023.,Sodra,0
60,44660050091.0,1.0,1,Egle,,,0.13,2020,0.0,01.01.2023.,Sodra,0
61,44660050091.0,1.0,2,Egle,,,1.9,2020,0.0,01.01.2023.,Sodra,0
62,44660050091.0,1.0,5,Egle,,,0.46,2020,0.0,01.01.2023.,Sodra,0
63,44660050091.0,1.0,7,Egle,,,0.15,2020,0.0,01.01.2023.,Sodra,0
64,44660050091.0,1.0,9,Egle,,,0.17,2020,0.0,01.01.2023.,Sodra,0
65,44660050091.0,1.0,4,Bērzs,,,0.33,2020,0.0,01.01.2023.,Sodra,0
66,44660050091.0,1.0,6,Bērzs,,,0.5,2020,0.0,01.01.2023.,Sodra,0
67,44660040035.0,1.0,7,Bērzs,,,1.69,2020,2022.0,01.01.2023.,Sodra,0
68,44660040035.0,1.0,9,Bērzs,,,1.56,2020,2022.0,01.01.2023.,Sodra,0
69,44660040098.0,2.0,1,Priede,,,0.33,2020,0.0,01.01.2023.,Sodra,0
70,44660040098.0,2.0,2,Priede,,,0.37,2020,0.0,01.01.2023.,Sodra,0
71,44500040420.0,1.0,3,Egle,,,1.5,2020,2022.0,01.01.2023.,Sodra,0
72,44500040420.0,1.0,5,Egle,,,0.15,2020,2022.0,01.01.2023.,Sodra,0
73,44500040420.0,1.0,7,Egle,,,0.16,2020,2022.0,01.01.2023.,Sodra,0
74,44500040420.0,1.0,12,Egle,,,,2020,,01.01.2023.,Sodra,0
75,44500020038.0,1.0,1,Egle,,,1.7,2020,2022.0,01.01.2023.,Sodra,0
76,44500020038.0,1.0,2,Egle,,,0.3,2020,0.0,01.01.2023.,Sodra,0
77,44500020038.0,1.0,3,Egle,,,0.62,2020,0.0,01.01.2023.,Sodra,0
78,44520030105.0,1.0,1,Egle,,,1.9,2020,2022.0,01.01.2023.,Sodra,0
79,44540010006.0,1.0,2,Priede,,,0.81,2020,2022.0,01.01.2023.,Sodra,0
80,44540010006.0,1.0,3,Priede,,,0.94,2020,2022.0,01.01.2023.,Sodra,0
81,44540010006.0,1.0,5,Priede,,,0.35,2020,2022.0,01.01.2023.,Sodra,0
82,44540010006.0,1.0,6,Priede,,,0.53,2020,0.0,01.01.2023.,Sodra,0
83,44540010006.0,1.0,7,Priede,,,0.71,2020,2022.0,01.01.2023.,Sodra,0
84,44540010006.0,1.0,8,Priede,,,0.21,2020,0.0,01.01.2023.,Sodra,0
85,44540010006.0,1.0,9,Priede,,,0.88,2020,0.0,01.01.2023.,Sodra,0
86,44540010006.0,1.0,10,Priede,,,0.28,2020,0.0,01.01.2023.,Sodra,0
87,44540010006.0,1.0,15,Priede,,,0.2,2020,2022.0,01.01.2023.,Sodra,0
88,44540010006.0,1.0,21,Egle,,,1.09,2020,2022.0,01.01.2023.,Sodra,0
89,44540010006.0,1.0,22,Egle,,,1.53,2020,0.0,01.01.2023.,Sodra,0
90,44540010006.0,1.0,29,Egle,,,1.43,2020,2022.0,01.01.2023.,Sodra,0
91,44540010006.0,1.0,30,Egle,,,1.11,2020,2022.0,01.01.2023.,Sodra,0
92,60580030005.0,1.0,1,Egle,,,0.14,2020,0.0,01.01.2023.,Sodra,0
93,60580030005.0,1.0,2,Egle,,,0.54,2020,0.0,01.01.2023.,Sodra,0
94,60580030005.0,1.0,3,Egle,,,0.25,2020,0.0,01.01.2023.,Sodra,0
95,60580030005.0,1.0,6,Egle,,,1.75,2020,0.0,01.01.2023.,Sodra,0
96,60700010101.0,2.0,2,Priede,,,0.34,2020,2022.0,01.01.2023.,Sodra,0
97,60700010101.0,2.0,4,Priede,,,6.67,2020,0.0,01.01.2023.,Sodra,0
98,60720030172.0,1.0,2,Egle,,,0.36,2020,2010.0,01.01.2023.,Sodra,0
99,60720030172.0,1.0,4,Egle,,,0.16,2020,0.0,01.01.2023.,Sodra,0
100,60720030172.0,1.0,6,Egle,,,0.21,2020,0.0,01.01.2023.,Sodra,0
101,60720080019.0,1.0,2,Priede,,,0.2,2020,2022.0,01.01.2023.,Sodra,0
102,60720080019.0,1.0,14,Priede,,,0.08,2020,2022.0,01.01.2023.,Sodra,0
103,60720080019.0,1.0,15,Priede,,,3.8,2020,2022.0,01.01.2023.,Sodra,0
104,60720080019.0,1.0,18,Priede,,,0.58,2020,2022.0,01.01.2023.,Sodra,0
105,60720080019.0,1.0,19,Priede,,,0.23,2020,2022.0,01.01.2023.,Sodra,0
106,60720080019.0,1.0,22,Priede,,,0.22,2020,2022.0,01.01.2023.,Sodra,0
107,60720010198.0,1.0,18,Priede,,,1.52,2020,2022.0,01.01.2023.,Sodra,0
108,60720010198.0,1.0,4,Priede,,,1.22,2020,2022.0,01.01.2023.,Sodra,0
109,60720050042.0,1.0,2,Egle,,,0.44,2020,2022.0,01.01.2023.,Sodra,0
110,60720050042.0,1.0,4,Egle,,,0.87,2020,0.0,01.01.2023.,Sodra,0
111,60720050042.0,1.0,5,Egle,,,0.79,2020,2022.0,01.01.2023.,Sodra,0
112,60720050042.0,1.0,6,Egle,,,0.94,2020,0.0,01.01.2023.,Sodra,0
113,60720050042.0,1.0,10,Egle,,,1.48,2020,0.0,01.01.2023.,Sodra,0
114,60720010211.0,1.0,7,Egle,,,0.63,2020,2022.0,01.01.2023.,Sodra,0
115,60720030049.0,1.0,3,Priede,,,0.23,2020,0.0,01.01.2023.,Sodra,0
116,60720030049.0,1.0,6,Priede,,,,2020,,01.01.2023.,Sodra,2
117,60720030167.0,1.0,2,Priede,,,,2020,,01.01.2023.,Sodra,2
118,60720030167.0,1.0,3,Priede,,,,2020,,01.01.2023.,Sodra,2
119,60720030167.0,1.0,4,Priede,,,,2020,,01.01.2023.,Sodra,2
120,60720030167.0,1.0,5,Priede,,,,2020,,01.01.2023.,Sodra,2
121,60720030167.0,1.0,6,Priede,,,,2020,,01.01.2023.,Sodra,2
122,60720030167.0,1.0,7,Priede,,,,2020,,01.01.2023.,Sodra,2
123,60720030167.0,1.0,9,Priede,,,,2020,,01.01.2023.,Sodra,2
124,60720030167.0,1.0,10,Priede,,,,2020,,01.01.2023.,Sodra,2
125,60720030168.0,1.0,2,Priede,,,,2020,,01.01.2023.,Sodra,2
126,60720030168.0,1.0,4,Priede,,,,2020,,01.01.2023.,Sodra,2
127,60720030168.0,1.0,5,Priede,,,,2020,,01.01.2023.,Sodra,2
128,60720030168.0,1.0,6,Priede,,,,2020,,01.01.2023.,Sodra,2
129,60720030168.0,1.0,7,Priede,,,,2020,,01.01.2023.,Sodra,2
130,60720030169.0,1.0,2,Priede,,,,2020,,01.01.2023.,Sodra,2
131,60720030169.0,1.0,4,Priede,,,,2020,,01.01.2023.,Sodra,2
132,60720030169.0,1.0,5,Priede,,,,2020,,01.01.2023.,Sodra,2
133,60720030009.0,1.0,3,Egle,,,1.7,2020,2022.0,01.01.2023.,Sodra,0
134,60720030009.0,1.0,4,Egle,,,1.05,2020,2022.0,01.01.2023.,Sodra,0
135,60720030009.0,1.0,6,Egle,,,0.28,2020,2022.0,01.01.2023.,Sodra,0
136,60720030009.0,1.0,8,Egle,,,0.38,2020,2022.0,01.01.2023.,Sodra,0
137,60720030009.0,1.0,9,Egle,,,0.33,2020,2022.0,01.01.2023.,Sodra,0
138,60720030009.0,1.0,10,Egle,,,0.39,2020,2022.0,01.01.2023.,Sodra,0
139,60720030009.0,1.0,11,Egle,,,0.2,2020,2022.0,01.01.2023.,Sodra,0
140,60800040044.0,1.0,7,Egle,,,1.5,2020,2022.0,01.01.2023.,Sodra,0
141,60800040044.0,1.0,14,Egle,,,0.8,2020,2022.0,01.01.2023.,Sodra,0
142,60800010037.0,1.0,1,Egle,,,0.54,2020,2022.0,01.01.2023.,Sodra,0
143,60800010037.0,1.0,2,Egle,,,0.4,2020,2022.0,01.01.2023.,Sodra,0
144,60800010037.0,1.0,3,Egle,,,0.67,2020,2022.0,01.01.2023.,Sodra,0
145,60800010037.0,1.0,6,Egle,,,0.47,2020,2022.0,01.01.2023.,Sodra,0
146,60800010037.0,1.0,4,Bērzs,,,0.3,2020,2022.0,01.01.2023.,Sodra,0
147,60800010037.0,1.0,5,Bērzs,,,0.21,2020,2022.0,01.01.2023.,Sodra,0
148,60800020024.0,1.0,1,Egle,,,1.77,2020,2022.0,01.01.2023.,Sodra,0
149,60800020046.0,2.0,15,Bērzs,,,1.83,2020,0.0,01.01.2023.,Sodra,0
150,60800020046.0,2.0,4,Egle,,,0.72,2020,2022.0,01.01.2023.,Sodra,0
151,60800020046.0,2.0,5,Egle,,,0.1,2020,2022.0,01.01.2023.,Sodra,0
152,60800020046.0,2.0,7,Egle,,,0.29,2020,2022.0,01.01.2023.,Sodra,0
153,60800020046.0,2.0,9,Egle,,,0.34,2020,2022.0,01.01.2023.,Sodra,0
154,60800040047.0,1.0,11,Egle,,,0.85,2020,2022.0,01.01.2023.,Sodra,0
155,60800040047.0,1.0,14,Bērzs,,,1.11,2020,2022.0,01.01.2023.,Sodra,0
156,60800040047.0,1.0,17,Egle,,,2.11,2020,2022.0,01.01.2023.,Sodra,0
157,60800040047.0,1.0,7,Bērzs,,,0.79,2020,2022.0,01.01.2023.,Sodra,0
158,60800020007.0,1.0,1,Egle,,,1.93,2020,2022.0,01.01.2023.,Sodra,0
159,60800020007.0,1.0,10,Bērzs,,,1.06,2020,2022.0,01.01.2023.,Sodra,0
160,60800020007.0,1.0,9,Egle,,,0.64,2020,2022.0,01.01.2023.,Sodra,0
161,60800020054.4,1.0,10,Egle,,,0.4,2020,2022.0,01.01.2023.,Sodra,0
162,60800020054.0,1.0,11,Egle,,,0.57,2020,2011.0,01.01.2023.,Sodra,0
163,60800020054.0,1.0,13,Egle,,,0.4,2020,2010.0,01.01.2023.,Sodra,0
164,60800020054.0,1.0,6,Bērzs,,,0.16,2020,2022.0,01.01.2023.,Sodra,0
165,60800020054.0,1.0,15,Bērzs,,,0.12,2020,0.0,01.01.2023.,Sodra,0
166,60800020054.0,1.0,18,Bērzs,,,0.4,2020,2022.0,01.01.2023.,Sodra,0
167,60800020054.0,1.0,19,Bērzs,,,0.68,2020,0.0,01.01.2023.,Sodra,0
168,60800020017.0,1.0,2,Egle,,,0.54,2020,2022.0,01.01.2023.,Sodra,0
169,60800010073.0,1.0,1,Bērzs,,,0.19,2020,0.0,01.01.2023.,Sodra,0
170,60800010073.0,1.0,24,Egle,,,1.02,2020,2022.0,01.01.2023.,Sodra,0
171,60800010073.0,1.0,4,Egle,,,0.65,2020,2022.0,01.01.2023.,Sodra,0
172,60800010073.0,1.0,5,Egle,,,1.0,2020,2022.0,01.01.2023.,Sodra,0
173,60800010073.0,1.0,6,Egle,,,0.17,2020,2022.0,01.01.2023.,Sodra,0
174,60800010073.0,1.0,9,Egle,,,1.03,2020,2022.0,01.01.2023.,Sodra,0
175,60800010073.0,1.0,10,Egle,,,0.25,2020,2022.0,01.01.2023.,Sodra,0
176,60800010073.0,1.0,19,Egle,,,0.85,2020,2022.0,01.01.2023.,Sodra,0
177,60800010073.0,1.0,8,Egle,,,0.47,2020,2022.0,01.01.2023.,Sodra,0
178,60800010073.0,1.0,35,Egle,,,0.1,2020,0.0,01.01.2023.,Sodra,0
179,60800020006.0,1.0,11,Egle,,,0.96,2020,2022.0,01.01.2023.,Sodra,0
180,60800020006.0,1.0,12,Egle,,,1.21,2020,2022.0,01.01.2023.,Sodra,0
181,60800020006.0,1.0,17,Egle,,,0.52,2020,2022.0,01.01.2023.,Sodra,0
182,60800020006.0,1.0,5,Egle,,,1.26,2020,2022.0,01.01.2023.,Sodra,0
183,60800020006.0,1.0,9,Egle,,,0.6,2020,2022.0,01.01.2023.,Sodra,0
184,60800020006.0,1.0,6,Bērzs,,,0.65,2020,2022.0,01.01.2023.,Sodra,0
185,60800010038.0,1.0,4,Egle,,,0.91,2020,2022.0,01.01.2023.,Sodra,0
186,60760050174.0,12.0,1,Egle,,,0.47,2020,2022.0,01.01.2023.,Sodra,0
187,60760050174.0,12.0,2,Egle,,,1.82,2020,2022.0,01.01.2023.,Sodra,0
188,60760050174.0,12.0,3,Egle,,,4.57,2020,0.0,01.01.2023.,Sodra,0
189,60760020132.0,1.0,1,Egle,,,0.55,2020,2022.0,01.01.2023.,Sodra,0
190,60760020132.0,1.0,4,Egle,,,0.26,2020,2022.0,01.01.2023.,Sodra,0
191,60760020132.0,1.0,5,Egle,,,2.42,2020,2022.0,01.01.2023.,Sodra,0
192,60760020132.0,1.0,7,Egle,,,0.98,2020,2022.0,01.01.2023.,Sodra,0
193,44640030016.0,1.0,1,Egle,,,0.7,2020,2022.0,01.01.2023.,Sodra,0
194,44640030016.0,1.0,2,Egle,,,1.19,2020,2022.0,01.01.2023.,Sodra,0
195,44640030016.0,1.0,3,Egle,,,2.19,2020,2022.0,01.01.2023.,Sodra,0
196,44640030016.0,1.0,4,Egle,,,0.13,2020,2022.0,01.01.2023.,Sodra,0
197,44640030016.0,1.0,6,Egle,,,5.9,2020,0.0,01.01.2023.,Sodra,0
198,44640030016.0,1.0,7,Egle,,,0.31,,2022.0,01.01.2023.,Sodra,2
199,44700060064.0,2.0,1,Egle,,,0.76,2020,2022.0,01.01.2023.,Sodra,0
200,44700060064.0,2.0,2,Egle,,,0.78,2020,2022.0,01.01.2023.,Sodra,0
201,44700060064.0,2.0,3,Bērzs,,,1.14,2020,2022.0,01.01.2023.,Sodra,0
202,44700060065.0,1.0,1,Egle,,,0.95,2020,2022.0,01.01.2023.,Sodra,0
203,44700060065.0,1.0,2,Egle,,,0.56,2020,2022.0,01.01.2023.,Sodra,0
204,44720090164.0,1.0,3,Egle,,,1.3,2020,2022.0,01.01.2023.,Sodra,0
205,44720010080.0,1.0,1,Egle,,,2.78,2020,2022.0,01.01.2023.,Sodra,0
206,44720010080.0,1.0,2,Egle,,,0.08,2020,2022.0,01.01.2023.,Sodra,0
207,44720010080.0,1.0,3,Egle,,,0.24,2020,2022.0,01.01.2023.,Sodra,0
208,44720070113.0,1.0,2,Egle,,,0.09,2020,2021.0,01.01.2023.,Sodra,0
209,44720070113.0,1.0,3,Egle,,,0.48,2020,2021.0,01.01.2023.,Sodra,0
210,44720070114.0,2.0,1,Egle,,,2.57,2020,2020.0,01.01.2023.,Sodra,0
211,44720070114.0,2.0,2,Egle,,,0.53,2020,0.0,01.01.2023.,Sodra,0
212,44720070114.0,2.0,3,Egle,,,1.54,2020,2020.0,01.01.2023.,Sodra,0
213,76560050080.0,1.0,2,Egle,,,0.58,2020,0.0,01.01.2023.,Sodra,0
214,76560050080.0,1.0,5,Egle,,,0.68,2020,2022.0,01.01.2023.,Sodra,0
215,76560030042.0,1.0,1,Bērzs,,,0.36,2020,2011.0,01.01.2023.,Sodra,0
216,76560030042.0,1.0,2,Bērzs,,,0.42,2020,2022.0,01.01.2023.,Sodra,0
217,76560030042.0,1.0,3,Bērzs,,,1.49,2020,2022.0,01.01.2023.,Sodra,0
218,76560040044.0,2.0,3,Egle,,,0.7,2020,2022.0,01.01.2023.,Sodra,0
219,76560040044.0,2.0,4,Egle,,,0.4,2020,2022.0,01.01.2023.,Sodra,0
220,76560040044.0,2.0,5,Egle,,,0.9,2020,2022.0,01.01.2023.,Sodra,0
221,76560040044.0,2.0,7,Egle,,,0.39,2020,2022.0,01.01.2023.,Sodra,0
222,76580030211.0,1.0,1,Egle,,,3.67,2020,2022.0,01.01.2023.,Sodra,0
223,76580030211.0,1.0,4,Egle,,,1.3,2020,2022.0,01.01.2023.,Sodra,0
224,76580030211.0,1.0,6,Egle,,,1.56,2020,2022.0,01.01.2023.,Sodra,0
225,60860030390.0,1.0,1,Egle,,,1.1,2020,0.0,01.01.2023.,Sodra,0
226,60860030390.0,1.0,4,Egle,,,1.48,2020,2022.0,01.01.2023.,Sodra,0
227,60860030390.0,1.0,8,Egle,,,2.81,2020,0.0,01.01.2023.,Sodra,0
228,60860030390.0,1.0,9,Egle,,,0.74,2020,2022.0,01.01.2023.,Sodra,0
229,60860030390.0,1.0,10,Egle,,,0.16,2020,2022.0,01.01.2023.,Sodra,0
230,60860030390.0,1.0,13,Egle,,,0.19,2020,2022.0,01.01.2023.,Sodra,0
231,60860030390.0,1.0,11,Egle,,,0.27,2020,0.0,01.01.2023.,Sodra,0
232,60860030390.0,1.0,14,Egle,,,0.49,2020,0.0,01.01.2023.,Sodra,0
233,60860030390.0,1.0,18,Egle,,,,2020,,01.01.2023.,Sodra,2
234,60860030390.0,1.0,19,Egle,,,,2020,,01.01.2023.,Sodra,2
235,60860030390.0,1.0,20,Egle,,,,2020,,01.01.2023.,Sodra,2
236,60860030013.0,1.0,1,Egle,,,0.13,2020,0.0,01.01.2023.,Sodra,0
237,60860030013.0,1.0,2,Egle,,,0.19,2020,2023.0,01.01.2023.,Sodra,0
238,60860030013.0,1.0,3,Egle,,,0.58,2020,2023.0,01.01.2023.,Sodra,0
239,60860030013.0,1.0,4,Egle,,,0.92,2020,2017.0,01.01.2023.,Sodra,0
240,60860030013.0,1.0,5,Egle,,,0.25,2020,2022.0,01.01.2023.,Sodra,0
241,60860030013.0,1.0,6,Egle,,,0.18,2020,2018.0,01.01.2023.,Sodra,0
242,60860030013.0,1.0,7,Egle,,,0.15,2020,2023.0,01.01.2023.,Sodra,0
243,60860030013.0,1.0,8,Egle,,,1.01,2020,0.0,01.01.2023.,Sodra,0
244,60860030013.0,1.0,9,Egle,,,0.16,2020,2023.0,01.01.2023.,Sodra,0
245,60860030013.0,1.0,10,Egle,,,0.81,2020,2023.0,01.01.2023.,Sodra,0
246,44840030368.0,1.0,2,Egle,,,0.19,2020,2022.0,01.01.2023.,Sodra,0
247,44840030368.0,1.0,3,Egle,,,0.67,2020,2022.0,01.01.2023.,Sodra,0
248,44840030028.0,1.0,1,Egle,,,1.94,2020,2022.0,01.01.2023.,Sodra,0
249,44840030028.0,1.0,2,Egle,,,0.64,2020,0.0,01.01.2023.,Sodra,0
250,44840030028.0,1.0,4,Egle,,,0.07,2020,0.0,01.01.2023.,Sodra,0
251,44840040088.0,1.0,4,Egle,,,2.17,2020,2022.0,01.01.2023.,Sodra,0
252,44840040088.0,1.0,5,Egle,,,0.25,2020,0.0,01.01.2023.,Sodra,0
253,60940060152.0,1.0,1,Egle,,,0.46,2020,2022.0,01.01.2023.,Sodra,0
254,60940060152.0,1.0,2,Egle,,,0.53,2020,2022.0,01.01.2023.,Sodra,0
255,60940060152.0,1.0,4,Egle,,,1.47,2020,2022.0,01.01.2023.,Sodra,0
256,44880090164.0,1.0,1,Egle,,,0.19,2020,2020.0,01.01.2023.,Sodra,0
257,44880090164.0,1.0,5,Egle,,,0.21,2020,2020.0,01.01.2023.,Sodra,0
258,44880090164.0,1.0,6,Egle,,,0.61,2020,2020.0,01.01.2023.,Sodra,0
259,44880090164.0,1.0,13,Egle,,,0.18,2020,2020.0,01.01.2023.,Sodra,0
260,44880090164.0,1.0,14,Egle,,,0.61,2020,2020.0,01.01.2023.,Sodra,0
261,44880090164.0,1.0,16,Egle,,,0.55,2020,2020.0,01.01.2023.,Sodra,0
262,44880090164.0,1.0,17,Egle,,,0.2,2020,2020.0,01.01.2023.,Sodra,0
263,44880090164.0,1.0,18,Egle,,,0.12,2020,2020.0,01.01.2023.,Sodra,0
264,44880090164.0,1.0,19,Egle,,,0.15,2020,2020.0,01.01.2023.,Sodra,0
265,44880090164.0,1.0,25,Egle,,,0.07,2020,0.0,01.01.2023.,Sodra,0
266,44880090164.0,1.0,27,Egle,,,0.18,2020,2020.0,01.01.2023.,Sodra,0
267,44880090164.0,1.0,28,Egle,,,0.24,2020,2020.0,01.01.2023.,Sodra,0
268,44880090164.0,1.0,31,Egle,,,1.93,2020,2020.0,01.01.2023.,Sodra,0
269,44880090164.0,1.0,32,Egle,,,0.15,2020,2020.0,01.01.2023.,Sodra,0
270,44880090164.0,1.0,34,Egle,,,0.08,2020,2020.0,01.01.2023.,Sodra,0
271,44880010144.0,1.0,7,Priede,,,0.68,2020,2023.0,01.01.2023.,Sodra,0
272,44880010145.0,2.0,9,Egle,,,0.5,,2023.0,01.01.2023.,Sodra,0
273,44920070018.0,1.0,1,Egle,,,0.56,2020,2022.0,01.01.2023.,Sodra,0
274,44920070018.0,1.0,2,Egle,,,1.04,2020,2022.0,01.01.2023.,Sodra,0
275,44920070151.0,4.0,1,Egle,,,1.03,2020,0.0,01.01.2023.,Sodra,0
276,44920070151.0,4.0,2,Egle,,,0.5,2020,2020.0,01.01.2023.,Sodra,0
277,44920070151.0,4.0,3,Egle,,,1.08,2020,2020.0,01.01.2023.,Sodra,0
278,60960080286.0,3.0,1,Priede,,,0.79,2020,2022.0,01.01.2023.,Sodra,0
279,60960080286.0,3.0,2,Priede,,,1.22,2020,2022.0,01.01.2023.,Sodra,0
280,60960080457.0,1.0,1,Egle,,,0.65,2020,2022.0,01.01.2023.,Sodra,0
281,60960080457.0,1.0,2,Egle,,,0.93,2020,2022.0,01.01.2023.,Sodra,0
282,60960050468.0,2.0,1,Egle,,,1.45,2020,2022.0,01.01.2023.,Sodra,0
283,60960050458.0,1.0,4,Egle,,,1.14,2020,2022.0,01.01.2023.,Sodra,0
284,60960050458.0,1.0,5,Egle,,,0.32,2020,2022.0,01.01.2023.,Sodra,0
285,44940020128.0,1.0,1,Bērzs,,,0.74,2020,2022.0,01.01.2023.,Sodra,0
286,44940020128.0,1.0,3,Bērzs,,,1.8,2020,2022.0,01.01.2023.,Sodra,0
287,44940020128.0,1.0,4,Bērzs,,,0.41,2020,2022.0,01.01.2023.,Sodra,0
288,44940020128.0,1.0,6,Bērzs,,,0.73,2020,2022.0,01.01.2023.,Sodra,0
289,44940020128.0,1.0,7,Bērzs,,,0.52,2020,2022.0,01.01.2023.,Sodra,0
290,44940020128.0,1.0,8,Bērzs,,,0.87,2020,2022.0,01.01.2023.,Sodra,0
291,44940020128.0,1.0,10,Bērzs,,,1.2,2020,2022.0,01.01.2023.,Sodra,0
292,44940020128.0,1.0,11,Bērzs,,,0.22,2020,2022.0,01.01.2023.,Sodra,0
293,44960020190.0,1.0,1,Egle,,,0.27,2020,2022.0,01.01.2023.,Sodra,0
294,44960020190.0,1.0,2,Egle,,,0.17,2020,2022.0,01.01.2023.,Sodra,0
295,44960020190.0,1.0,3,Egle,,,0.58,2020,2022.0,01.01.2023.,Sodra,0
296,44960020190.0,1.0,4,Egle,,,0.14,2020,2022.0,01.01.2023.,Sodra,0
297,44960020190.0,1.0,6,Egle,,,0.82,2020,2022.0,01.01.2023.,Sodra,0
298,44960020190.0,1.0,8,Egle,,,0.36,2020,2022.0,01.01.2023.,Sodra,0
299,44960070102.0,1.0,37,Egle,,,2.22,2020,2022.0,01.01.2023.,Sodra,0
300,44960070046.0,2.0,8,Egle,,,0.71,2020,2022.0,01.01.2023.,Sodra,0
301,44960070046.0,2.0,9,Egle,,,0.93,2020,2022.0,01.01.2023.,Sodra,0
302,44960070046.0,2.0,10,Egle,,,0.22,2020,2022.0,01.01.2023.,Sodra,0
303,44960070046.0,2.0,12,Egle,,,0.29,2020,2022.0,01.01.2023.,Sodra,0
304,44960070046.0,2.0,13,Egle,,,0.14,2020,2022.0,01.01.2023.,Sodra,0
305,60720030010.0,,,,,,,2023,,,Sodra,1
306,60720060162.0,2.0,7,,,,1.79,2023,0.0,,Sodra,2
307,60540020011.0,1.0,2,,,,2.65,,0.0,,Sodra,2
308,60760040306.0,1.0,9,,,,0.9,,0.0,,Sodra,2
309,60760040304.0,1.0,2,,,,0.7,,0.0,,Sodra,2
310,60560050278.0,1.0,20,,,,1.02,,2022.0,,Sodra,2
311,78920050199.0,1.0,2,,,,0.19,,2021.0,,Sodra,2
312,78600030019.0,5.0,5,,,,1.12,,0.0,,Sodra,2
313,78600020032.0,2.0,4,,,,1.76,,0.0,,Sodra,2
314,78820050194.0,,,,,,,,,,Sodra,1
315,76700030088.0,1.0,16,,,,1.56,,0.0,,Sodra,2
316,76700030088.0,1.0,17,,,,4.75,,0.0,,Sodra,2
317,78520060090.0,4.0,2,,,,0.27,,0.0,,Sodra,2
318,78520060090.0,4.0,3,,,,0.13,,2022.0,,Sodra,2
319,78520060090.0,4.0,4,,,,0.37,,2022.0,,Sodra,2
320,78520060090.0,4.0,5,,,,0.13,,0.0,,Sodra,2
321,78520060090.0,4.0,6,,,,0.2,,2022.0,,Sodra,2
322,78520060090.0,4.0,7,,,,0.13,,0.0,,Sodra,2
323,78520060102.0,2.0,13,,,,0.34,,2022.0,,Sodra,2
324,78520060136.0,1.0,11,,,,0.24,,0.0,,Sodra,2
325,78520060136.0,1.0,13,,,,0.57,,0.0,,Sodra,2
326,78520060136.0,1.0,3,,,,0.6,,2022.0,,Sodra,2
327,78520060136.0,1.0,4,,,,1.22,,2022.0,,Sodra,2
328,78520060136.0,1.0,5,,,,0.13,,2022.0,,Sodra,2
329,78520060136.0,1.0,6,,,,0.2,,2022.0,,Sodra,2
330,78520060136.0,1.0,7,,,,0.27,,2022.0,,Sodra,2
331,78520060136.0,1.0,12,,,,0.07,,2022.0,,Sodra,2
332,78520060239.0,1.0,6,,,,0.18,,2022.0,,Sodra,2
333,78520060239.0,1.0,7,,,,0.3,,2022.0,,Sodra,2
334,78520060239.0,1.0,8,,,,0.2,,2022.0,,Sodra,2
335,76580040095.0,1.0,11,Egle,1,10E5,0.9,2018,2019.0,2023-Q3,Sodra,2
336,76580040095.0,1.0,18,Baltalksnis;Berzs,0.8,8Ba2B37,1.19,1986,0.0,,Sodra,2
337,76580040095.0,1.0,4,Egle,1,10E5,0.17,2018,2019.0,2023-Q3,Sodra,2
338,76580040095.0,1.0,6,Baltalksnis,1,10Ba37,0.25,1986,0.0,,Sodra,2
339,76580040095.0,1.0,5,Baltalksnis;Apse,0.9,9Ba1A18,0.22,2005,2010.0,,Sodra,2
340,76580040095.0,1.0,17,Baltalksnis,1,10Ba28 +A52 B52,0.21,1995;1971,0.0,,Sodra,2
341,76580040095.0,1.0,15,Baltalksnis,1,10Ba42,1.58,1981,0.0,,Sodra,2
342,76580040095.0,1.0,14,Egle;Priede;Berzs,0.8,8E1P1B12,3.97,2011,2017.0,,Sodra,2
343,76580040095.0,1.0,2,Egle,1,10E12,3.59,2011,2012.0,,Sodra,2
344,76580040095.0,1.0,12,Priede,1,10P5,0.9,2018,2019.0,,Sodra,2
345,76580040095.0,1.0,10,Baltalksnis;Berzs;Berzs;Melnalksnis,0.4,4Ba3B52 2B62 1M52,0.69,1971;1961,0.0,,Sodra,2
346,76580040095.0,1.0,8,Egle,1,10E12,0.23,2011,2012.0,,Sodra,2
347,76580040095.0,1.0,13,Egle,1,10E12,0.85,2011,2012.0,,Sodra,2
348,76580040095.0,1.0,7,Priede,1,10P5,0.71,2018,2019.0,,Sodra,2
349,76580040095.0,1.0,3,Apse;Berzs,0.8,8A19 2B17,1.22,2004;2006,2009.0,,Sodra,2
350,76580040101.0,1.0,1,,,,0.41,,0.0,,Sodra,2
351,76580040095.0,1.0,16,Baltalksnis;Berzs,0.8,8Ba2B42,1.59,1981,0.0,,Sodra,2
352,76580040095.0,1.0,9,Priede,1,10P5,1.68,2018,2019.0,,Sodra,2
353,44980020146.0,2.0,8,Melnalksnis;Berzs,0.5,5M5B12,2.14,2011,2016.0,,Sodra,2
354,44980020146.0,2.0,3,Berzs;Melnalksnis;Berzs;Melnalksnis,0.6,6B2M55 1B1M65,1.88,1968;1958,0.0,,Sodra,2
355,44980020146.0,2.0,14,Baltalksnis;Melnalksnis,0.8,8Ba2M12,0.2,2011,2016.0,,Sodra,2
356,44980020146.0,2.0,10,Berzs;Melnalksnis,0.8,8B2M65,1.09,1958,0.0,,Sodra,2
357,44980020033.0,1.0,4,Berzs,1,10B12,1.18,2011,2016.0,,Sodra,2
358,44980020033.0,1.0,3,Berzs,1,10B12,1.04,2011,2016.0,,Sodra,2
359,44980020033.0,1.0,2,Berzs;Melnalksnis;Apse,0.5,5B3M2A12,0.23,2011,2016.0,,Sodra,2
360,44980020146.0,2.0,15,Melnalksnis;Berzs,0.9,9M1B13,0.64,2010,2016.0,,Sodra,2
361,44980020146.0,2.0,13,Berzs;Melnalksnis,0.9,9B1M70,0.59,1953,0.0,,Sodra,2
362,44980020146.0,2.0,12,Priede;Berzs;Bligzna,0.8,8P1B1Bl50,0.9,1973,0.0,,Sodra,2
363,44980020033.0,1.0,1,Berzs;Melnalksnis,0.6,6B4M12,1.26,2011,2016.0,,Sodra,2
364,44980020146.0,2.0,16,Berzs;Melnalksnis;Egle,0.7,7B2M1E12,0.26,2011,2016.0,,Sodra,2
365,44980020146.0,2.0,11,Berzs;Melnalksnis;Baltalksnis;Bligzna,0.7,7B1M60 1Ba50 1Bl60,1.08,1963;1973,0.0,,Sodra,2
366,44980020146.0,2.0,17,Berzs;Priede,0.9,9B1P19,1.77,2004,2011.0,,Sodra,2
367,44980020146.0,2.0,8,Melnalksnis;Berzs,0.5,5M5B12,2.14,2011,2016.0,,Sodra,2
368,44980020033.0,1.0,4,Berzs,1,10B12,1.18,2011,2016.0,,Sodra,2
369,44980020146.0,2.0,7,Melnalksnis;Berzs,0.9,9M1B40,0.63,1983,0.0,,Sodra,2
370,44980020033.0,1.0,3,Berzs,1,10B12,1.04,2011,2016.0,,Sodra,2
371,44980020146.0,2.0,13,Berzs;Melnalksnis,0.9,9B1M70,0.59,1953,0.0,,Sodra,2
372,44980020146.0,2.0,9,Melnalksnis,1,10M12,0.15,2011,0.0,,Sodra,2
373,44980020146.0,2.0,12,Priede;Berzs;Bligzna,0.8,8P1B1Bl50,0.9,1973,0.0,,Sodra,2
374,44980020146.0,2.0,16,Berzs;Melnalksnis;Egle,0.7,7B2M1E12,0.26,2011,2016.0,,Sodra,2
375,44980020146.0,2.0,11,Berzs;Melnalksnis;Baltalksnis;Bligzna,0.7,7B1M60 1Ba50 1Bl60,1.08,1963;1973,0.0,,Sodra,2
376,44980020146.0,2.0,17,Berzs;Priede,0.9,9B1P19,1.77,2004,2011.0,,Sodra,2
377,44980020033.0,1.0,1,Berzs;Melnalksnis,0.6,6B4M12,1.26,2011,2016.0,,Sodra,2
378,78520060136.0,1.0,12,Egle,1,10E2,0.07,2021,2022.0,2023-Q3,Sodra,2
379,78520060136.0,1.0,13,Egle,1,10E2,0.57,2021,0.0,2023-Q3,Sodra,2
380,78520060102.0,2.0,10,Melnalksnis;Baltalksnis;Bērzs,0.8,8M1Ba1B45,0.16,1978,0.0,,Sodra,2
381,78520060136.0,1.0,6,Egle,1,10E2,0.2,2021,2022.0,2023-Q3,Sodra,2
382,78520060102.0,2.0,8,Baltalksnis;Melnalksnis,0.5,5Ba28 3Ba2M36,0.38,1987;1995,0.0,,Sodra,2
383,78520060136.0,1.0,10,Alksnis;Baltalksnis;Blīgzna;Bērzs,0.5,5A35 2Ba2Bl19 1B35 +B60,0.14,1963;1988;2004,0.0,,Sodra,2
384,78520060136.0,1.0,9,Egle;Bērzs;Melnalksnis;Priede,1,10E8 +B22 M18 ats P18,0.14,2001;2005;2015,0.0,,Sodra,2
385,78520060102.0,2.0,15,Melnalksnis;Priede;Apse;Bērzs,0.4,4M2P8 2A2B5,0.27,2015;2018,0.0,,Sodra,2
386,78520060102.0,2.0,9,Egle,1,10E8,0.12,2015,0.0,,Sodra,2
387,78520060102.0,2.0,13,Egle,1,10E2,0.34,2021,2022.0,2023-Q3,Sodra,2
388,78520060136.0,1.0,11,Priede;Kļava;Egle;Bērzs,0.5,5P2K2E1B8,0.24,2015,0.0,2023-Q3,Sodra,2
389,78520060136.0,1.0,5,Egle,1,10E2,0.13,2021,2022.0,2023-Q3,Sodra,2
390,78520060136.0,1.0,8,Melnalksnis;Baltalksnis;Bērzs,0.8,8M1Ba1B26,0.41,1997,0.0,,Sodra,2
391,78520060136.0,1.0,3,Egle,1,10E2,0.6,2021,2022.0,2023-Q3,Sodra,2
392,78520060136.0,1.0,1,Baltalksnis;Bērzs;Melnalksnis,0.8,8Ba25 2B45 +Ba31 M31 ats B66,0.08,1957;1978;1992;1998,0.0,,Sodra,2
393,78520060136.0,1.0,4,Egle,1,10E2,1.22,2021,2022.0,2023-Q3,Sodra,2
394,78520060136.0,1.0,2,Melnalksnis;Bērzs;Baltalksnis,0.6,6M2B75 1Ba48 1Ba60 +B95 M95,1.65,1928;1948;1963;1975,0.0,,Sodra,2
395,78520060102.0,2.0,11,Melnalksnis;Bērzs,0.7,7M95 2M75 1B95,0.48,1928;1948,0.0,2023-Q3,Sodra,2
396,78520060102.0,2.0,12,Melnalksnis;Baltalksnis,0.5,5M2Ba55 2M75 1Ba31,0.35,1948;1968;1992,0.0,,Sodra,2
397,78520060102.0,2.0,14,Egle,1,10E8,1.27,2015,0.0,,Sodra,2
398,78520060136.0,1.0,7,Egle,1,10E2,0.27,2021,2022.0,2023-Q3,Sodra,2
399,78520060102.0,2.0,7,Papele,1,10Pa8,1.13,2015,0.0,,Sodra,2
400,78520060136.0,1.0,12,Egle,1,10E2,0.07,2021,2022.0,2023-Q3,Sodra,2
401,78520060136.0,1.0,13,Egle,1,10E2,0.57,2021,0.0,2023-Q3,Sodra,2
402,78520060102.0,2.0,10,Melnalksnis;Baltalksnis;Bērzs,0.8,8M1Ba1B45,0.16,1978,0.0,,Sodra,2
403,78520060136.0,1.0,6,Egle,1,10E2,0.2,2021,2022.0,2023-Q3,Sodra,2
404,78520060102.0,2.0,8,Baltalksnis;Melnalksnis,0.5,5Ba28 3Ba2M36,0.38,1987;1995,0.0,,Sodra,2
405,78520060136.0,1.0,10,Alksnis;Baltalksnis;Blīgzna;Bērzs,0.5,5A35 2Ba2Bl19 1B35 +B60,0.14,1963;1988;2004,0.0,,Sodra,2
406,78520060102.0,2.0,2,Apse;Bērzs;Baltalksnis;Ozols;Melnalksnis,0.5,5A4B50 1Ba33 +Oz70 M50,0.37,1953;1973;1990,0.0,,Sodra,2
407,78520060102.0,2.0,4,Baltalksnis;Melnalksnis;Bērzs,0.6,6Ba4M23 +B23,0.27,2000,0.0,,Sodra,2
408,78520060136.0,1.0,9,Egle;Bērzs;Melnalksnis;Priede,1,10E8 +B22 M18 ats P18,0.14,2001;2005,0.0,,Sodra,2
409,78520060102.0,2.0,15,Melnalksnis;Priede;Apse;Bērzs,0.4,4M2P8 2A2B5,0.27,2015;2018,0.0,,Sodra,2
410,78520060102.0,2.0,9,Egle,1,10E8,0.12,2015,0.0,,Sodra,2
411,78520060102.0,2.0,13,Egle,1,10E2,0.34,2021,2022.0,2023-Q3,Sodra,2
412,78520060102.0,2.0,3,Melnalksnis;Apse;Bērzs;Baltalksnis,0.4,4M75 4M50 1A1B75 +Ba40,0.24,1948;1973;1983,0.0,,Sodra,2
413,78520060102.0,2.0,1,Melnalksnis;Baltalksnis;Bērzs,0.7,7M75 2Ba40 1Ba55 +B55 M40,0.87,1948;1968;1983,0.0,,Sodra,2
414,78520060136.0,1.0,11,Priede;Kļava;Egle;Bērzs,0.5,5P2K2E1B8,0.24,2015,0.0,2023-Q3,Sodra,2
415,78520060136.0,1.0,5,Egle,1,10E2,0.13,2021,2022.0,2023-Q3,Sodra,2
416,78520060136.0,1.0,8,Melnalksnis;Baltalksnis;Bērzs,0.8,8M1Ba1B26,0.41,1997,0.0,,Sodra,2
417,78520060136.0,1.0,1,Baltalksnis;Bērzs;Melnalksnis,0.8,8Ba25 2B45 +Ba31 M31 ats B66,0.08,1957;1978;1992;1998,0.0,,Sodra,2
418,78520060136.0,1.0,4,Egle,1,10E2,1.22,2021,2022.0,2023-Q3,Sodra,2
419,78520060136.0,1.0,2,Melnalksnis;Bērzs;Baltalksnis,0.6,6M2B75 1Ba48 1Ba60 +B95 M95,1.65,1928;1948;1963;1975,0.0,,Sodra,2
420,78520060102.0,2.0,6,Bērzs;Melnalksnis;Baltalksnis,0.5,5B5M50 +Ba50,0.16,1973,0.0,,Sodra,2
421,78520060102.0,2.0,11,Melnalksnis;Bērzs,0.7,7M95 2M75 1B95,0.48,1928;1948,0.0,2023-Q3,Sodra,2
422,78520060102.0,2.0,12,Melnalksnis;baltalksnis,0.5,5M2Ba55 2M75 1Ba31,0.35,1948;1968;1992,0.0,,Sodra,2
423,78520060102.0,2.0,14,Egle,1,10E8,1.27,2015,0.0,,Sodra,2
424,78520060136.0,1.0,7,Egle,1,10E2,0.27,2021,2022.0,2023-Q3,Sodra,2
425,78520060102.0,2.0,5,Baltalksnis;Bērzs;Ozols;Kļava;Blīgzna,0.6,6Ba23 2Ba14 1B23 1Oz14 +K90 Oz90 ats Bl60,0.09,1933;1963;2000;2009,0.0,,Sodra,2
426,78520060102.0,2.0,7,Papele,1,10Pa8,1.13,2015,0.0,,Sodra,2
427,78520060095.0,1.0,7,Egle,1,10E2,0.7,2021,0.0,,Sodra,2
428,78520060095.0,1.0,2,Egle,1,10E2,0.26,2021,2022.0,,Sodra,2
429,78520060090.0,4.0,6,Egle,1,10E2,0.2,2021,2022.0,2023-Q3,Sodra,2
430,78520060090.0,4.0,3,Egle,1,10E2,0.13,2021,2022.0,2023-Q3,Sodra,2
431,78520060090.0,4.0,5,Priede;Bērzs;Baltalksnis,1,10P50 +B50 Ba50,0.13,1973,0.0,2023-Q3,Sodra,2
432,78520060095.0,1.0,6,Baltalksnis,1,10Ba25 +Ba55,0.11,1968;1998,0.0,,Sodra,2
433,78520060095.0,1.0,5,Baltalksnis;Bērzs,0.8,8Ba45 2B65 +Ba35 Ba65,0.14,1958;1978;1988,0.0,,Sodra,2
434,78520060090.0,4.0,2,,-,,0.27,,0.0,2023-Q3,Sodra,2
435,78520060090.0,4.0,1,Baltalksnis,1,10Ba21,0.06,2002,0.0,,Sodra,2
436,78520060095.0,1.0,1,Egle,1,10E2,0.17,2021,2022.0,,Sodra,2
437,78520060095.0,1.0,4,Egle,1,10E2,0.62,2021,2022.0,,Sodra,2
438,78520060095.0,1.0,3,Egle,1,10E2,0.08,2021,2022.0,,Sodra,2
439,78520060090.0,4.0,4,Egle,1,10E2,0.37,2021,2022.0,2023-Q3,Sodra,2
440,78520060090.0,4.0,7,,-,,0.13,,0.0,2023-Q3,Sodra,2
441,78520060239.0,1.0,7,Egle,1,10E2,0.3,2021,2022.0,2023-Q3,Sodra,2
442,78520060095.0,1.0,7,Egle,1,10E2,0.7,2021,0.0,,Sodra,2
443,78520060239.0,1.0,8,Egle,1,10E2,0.2,2021,2022.0,2023-Q3,Sodra,2
444,78520060239.0,1.0,5,Bērzs;Egle;Melnalksnis,0.7,7B3E22 +M55,0.32,1968;2001,2007.0,,Sodra,2
445,78520060239.0,1.0,3,,-,,0.16,,0.0,,Sodra,2
446,78520060095.0,1.0,6,Baltalksnis,1,10Ba25 +Ba55,0.11,1968;1998,0.0,,Sodra,2
447,78520060239.0,1.0,4,Melnalksnis;Bērzs;Egle,0.5,5M3B2E53,0.68,1970,0.0,,Sodra,2
448,78520060239.0,1.0,2,Bērzs;Apse;Melnalksnis,0.6,6B2A2M22,0.18,2001,2007.0,,Sodra,2
449,78520060239.0,1.0,6,Egle,1,10E2,0.18,2021,2022.0,2023-Q3,Sodra,2
450,78520060095.0,1.0,4,Egle,1,10E2,0.62,2021,2022.0,,Sodra,2
451,78520060239.0,1.0,1,Egle;Baltalksnis;Bērzs;Apse;Melnalksnis,0.5,5E33 2Ba29 2B1A33 +M33,0.33,1990;1994,0.0,,Sodra,2
452,78520060136.0,1.0,12,Egle,1,10E2,0.07,2021,2022.0,2023-Q3,Sodra,2
453,78520060136.0,1.0,13,Egle,1,10E2,0.57,2021,0.0,2023-Q3,Sodra,2
454,78520060136.0,1.0,6,Egle,1,10E2,0.2,2021,2022.0,2023-Q3,Sodra,2
455,78520060102.0,2.0,8,Baltalksnis;Melnalksnis,0.5,5Ba28 3Ba2M36,0.38,1987;1995,0.0,,Sodra,2
456,78520060136.0,1.0,10,Apse;Baltalksnis;Blīgzna;Bērzs,0.5,5A35 2Ba2Bl19 1B35 +B60,0.14,1963;1988;2004,0.0,,Sodra,2
457,78520060136.0,1.0,9,Egle;Bērzs;Melnalksnis;Priede,1,10E8 +B22 M18 ats P18,0.14,2001;2005;2015,0.0,,Sodra,2
458,78520060102.0,2.0,15,Melnalksnis;Priede;Apse;Bērzs,0.4,4M2P8 2A2B5,0.27,2015;2018,0.0,,Sodra,2
459,78520060102.0,2.0,9,Egle,1,10E8,0.12,2015,0.0,,Sodra,2
460,78520060102.0,2.0,13,Egle,1,10E2,0.34,2021,2022.0,2023-Q3,Sodra,2
461,78520060136.0,1.0,11,Priede;Kļava;Egle;Bērzs,0.5,5P2K2E1B8,0.24,2015,0.0,2023-Q3,Sodra,2
462,78520060136.0,1.0,5,Egle,1,10E2,0.13,2021,2022.0,2023-Q3,Sodra,2
463,78520060136.0,1.0,8,Melnalksnis;Baltalksnis;Bērzs,0.8,8M1Ba1B26,0.41,1997,0.0,,Sodra,2
464,78520060136.0,1.0,3,Egle,1,10E2,0.6,2021,2022.0,2023-Q3,Sodra,2
465,78520060136.0,1.0,1,Baltalksnis;Bērzs;Melnalksnis,0.8,8Ba25 2B45 +Ba31 M31 ats B66,0.08,1957;1978;1992;1998,0.0,,Sodra,2
466,78520060136.0,1.0,4,Egle,1,10E2,1.22,2021,2022.0,2023-Q3,Sodra,2
467,78520060136.0,1.0,2,Melnalksnis;Bērzs;Baltalksnis,0.6,6M2B75 1Ba48 1Ba60 +B95 M95,1.65,1928;1948;1963;1975,0.0,,Sodra,2
468,78520060102.0,2.0,11,Melnalksnis;Bērzs,0.7,7M95 2M75 1B95,0.48,1928;1948,0.0,2023-Q3,Sodra,2
469,78520060102.0,2.0,12,Melnalksnis;Baltalksnis,0.5,5M2Ba55 2M75 1Ba31,0.35,1948;1968;1992,0.0,,Sodra,2
470,78520060102.0,2.0,14,Egle,1,10E8,1.27,2015,0.0,,Sodra,2
471,78520060136.0,1.0,7,Egle,1,10E2,0.27,2021,2022.0,2023-Q3,Sodra,2
472,78520060102.0,2.0,7,Papele,1,10Pa8,1.13,2015,0.0,,Sodra,2
473,76700030088.0,1.0,1,Apse;Blīgzna,0.9,9A1Bl37 +A57,0.17,1966;1986,0.0,,Sodra,2
474,76700030088.0,1.0,9,8A2B18 ,0.8,8A2B18,1.11,2005,2008.0,,Sodra,2
475,76700030088.0,1.0,3,Bērzs,1,10B57,2.74,1966,0.0,2023-Q3,Sodra,2
476,76700030088.0,1.0,4,Egle,1,10E37,0.85,1986,0.0,2023-Q3,Sodra,2
477,76700030088.0,1.0,16,Bērzs,1,10B2,1.62,2021,0.0,2023-Q3,Sodra,2
478,76700030088.0,1.0,2,Bērzs;Apse,0.8,8B57 2A47,0.83,1966;1976,0.0,,Sodra,2
479,76700030088.0,1.0,10,Bērzs;Melnalksnis,0.8,8B2M18,0.92,2005,2008.0,,Sodra,2
480,76700030088.0,1.0,11,Baltalksnis;Bērzs,0.8,8Ba2B52,0.91,1971,0.0,,Sodra,2
481,76700030088.0,1.0,5,Bērzs;Melnalksnis,0.9,9B1M67,2.62,1956,0.0,2023-Q3,Sodra,2
482,76700030088.0,1.0,17,Bērzs,1,10B2,5.26,2021,0.0,2023-Q3,Sodra,2
483,76700030088.0,1.0,12,Bērzs,1,10B66,3.13,1957,0.0,2023-Q3,Sodra,2
484,76700030088.0,1.0,14,Bērzs,1,10B66,0.97,1957,0.0,,Sodra,2
485,76700030088.0,1.0,15,Bērzs;Melnalksnis,0.9,9B1M66,0.3,1957,0.0,,Sodra,2
486,76700030088.0,1.0,13,Melnalksnis;Bērzs,0.6,6M4B66,1.92,1957,0.0,,Sodra,2
487,76700030088.0,1.0,10,Bērzs;Melnalksnis,0.8,8B2M18,0.92,2005,2008.0,,Sodra,2
488,76700030088.0,1.0,11,Baltalksnis;Bērzs,0.8,8Ba2B52,0.91,1971,0.0,,Sodra,2
489,74940010044.0,9.0,4,,,,,,2023.0,,Rīgas meži,2
490,80800130058.0,160.0,32,,,,,,2022.0,2023-09-01 00:00:00,Rīgas meži,2
491,74940060240.0,169.0,29,,,,,,2021.0,2022-08-01 00:00:00,Rīgas meži,2
492,74940010044.0,12.0,9,,,,,,2022.0,,Rīgas meži,2
493,80800130058.0,164.0,57,,,,,,2022.0,,Rīgas meži,2
494,80800130058.0,160.0,30,,,,,,2022.0,2023-08-01 00:00:00,Rīgas meži,2
495,74940010044.0,9.0,3,,,,,,2023.0,,Rīgas meži,2
496,80800130058.0,162.0,14,,,,,,2022.0,2024-01-01 00:00:00,Rīgas meži,2
497,80800130058.0,157.0,4,,,,,,2021.0,2022-11-01 00:00:00,Rīgas meži,2
498,80800130058.0,164.0,61,,,,,,2022.0,2023-04-01 00:00:00,Rīgas meži,2
499,80840040005.0,1.0,2,Priede,,P,0.32,2022,,izkopts,Mežsaimnieks Biedrība,2
500,42720010003.0,1.0,1,Egle,,E,0.38,2022,2023.0,kops šogad,Mežsaimnieks Biedrība,2
501,42720010003.0,1.0,4,Priede,,P,0.63,2022,2023.0,nekops/atcelts,Mežsaimnieks Biedrība,2
502,42720010003.0,1.0,8,Bērzs,,B,0.36,2022,2023.0,nekops/atcelts,Mežsaimnieks Biedrība,2
503,42720010003.0,1.0,9,Bērzs,,B,0.48,2022,2023.0,nekops/atcelts,Mežsaimnieks Biedrība,2
504,66560010033.0,631.0,9,Priede,,P,0.82,2020,2021.0,nekops/atcelts,Mežsaimnieks Biedrība,0
505,66560010033.0,631.0,18,Priede,,P,0.31,2020,2021.0,nekops/atcelts,Mežsaimnieks Biedrība,0
506,66560010033.0,631.0,19,Priede,,P,0.18,2020,2021.0,nekops/atcelts,Mežsaimnieks Biedrība,0
507,74800040437.0,3.0,3,Priede,,P,0.6,2020,2021.0,izkopts,Mežsaimnieks Biedrība,0
508,74800040437.0,3.0,6,Priede,,P,1.02,2020,2021.0,izkopts,Mežsaimnieks Biedrība,0
509,74800040437.0,3.0,7,Priede,,P,1.44,2020,2021.0,izkopts,Mežsaimnieks Biedrība,0
510,66640110126.0,563.0,13,Egle,,E,0.17,2020,2021.0,izkopts,Mežsaimnieks Biedrība,0
511,66640110190.0,835.0,1,,,,0.3,,,izkopts,Mežsaimnieks Biedrība,2
512,56480040002.0,1.0,11,Egle,,E,0.88,2021,2022.0,,Mežsaimnieks Biedrība,0
513,56480040002.0,1.0,12,Egle,,E,1.37,2021,2022.0,,Mežsaimnieks Biedrība,0
514,56480040002.0,1.0,18,Egle,,E,2.41,2021,2022.0,,Mežsaimnieks Biedrība,0
515,42780100015.0,1.0,1,Bērzs,,B,0.43,2022,2023.0,kops šogad,Mežsaimnieks Biedrība,0
516,42780100015.0,1.0,3,Egle,,E,1.76,2022,2023.0,kops šogad,Mežsaimnieks Biedrība,0
517,42780100015.0,1.0,6,Melnalksnis,,M,0.73,2022,2023.0,nekops/atcelts,Mežsaimnieks Biedrība,0
518,42780100016.0,2.0,7,Melnalksnis,,M,0.26,2022,2023.0,nekops/atcelts,Mežsaimnieks Biedrība,0
519,42780100016.0,2.0,20,Bērzs;Egle,0.5,5B5E,0.93,2022,2023.0,kops šogad,Mežsaimnieks Biedrība,0
520,80420020210.0,1.0,2,Priede,,P,0.48,2021,2022.0,nekops/atcelts,Mežsaimnieks Biedrība,0
521,80420020210.0,1.0,3,Priede,,P,0.96,2021,2022.0,nekops/atcelts,Mežsaimnieks Biedrība,0
522,80420020210.0,1.0,4,Priede,,P,0.68,2021,2022.0,nekops/atcelts,Mežsaimnieks Biedrība,0
523,80640030092.0,1.0,1,Egle,,E,0.62,2022,0.0,kops nākagad,Mežsaimnieks Biedrība,0
524,80640030092.0,1.0,9,Egle,,E,0.58,2022,0.0,kops nākagad,Mežsaimnieks Biedrība,0
525,80640030092.0,1.0,15,Egle,,E,0.16,2022,0.0,kops nākagad,Mežsaimnieks Biedrība,0
526,66720040225.0,554.0,4,Egle,,E,0.49,2022,2023.0,izkopts,Mežsaimnieks Biedrība,0
527,42720010057.0,3.0,5,Egle,,E,0.3,2021,2022.0,kops šogad,Mežsaimnieks Biedrība,0
528,42720010090.0,4.0,1,Egle,,E,0.6,2021,2022.0,kops šogad,Mežsaimnieks Biedrība,0
529,66270030347.0,252.0,19,Egle,,E,1.04,2022,2023.0,nekops/atcelts,Mežsaimnieks Biedrība,0
530,80840180037.0,1.0,1,Priede,,P,0.73,,0.0,kops nākagad,Mežsaimnieks Biedrība,0
531,80700120075.0,1.0,11,Priede,,P,1.79,,2023.0,kops šogad,Mežsaimnieks Biedrība,0
532,80700120075.0,1.0,12,Priede,,P,0.19,,2023.0,kops šogad,Mežsaimnieks Biedrība,0
533,80700120075.0,1.0,18,Egle,,E,1.84,2022,2023.0,kops šogad,Mežsaimnieks Biedrība,0
534,74880030001.0,1.0,2,Priede,,P,1.04,2021,2022.0,izkopts,Mežsaimnieks Biedrība,0
535,74880030001.0,,LZ,,,,0.88,,,nekops/atcelts,Mežsaimnieks Biedrība,1
536,42860040010.0,1.0,15,Egle,,E,0.52,2020,2021.0,izkopts,Mežsaimnieks Biedrība,0
537,68680040008.0,1.0,3,Egle,,E,1.76,2020,0.0,izkopts,Mežsaimnieks Biedrība,0
538,68800010053.0,1.0,25,Melnalksnis,,M,0.81,2020,0.0,izkopts,Mežsaimnieks Biedrība,0
539,68800010053.0,1.0,5,Egle,,E,0.36,2019,2020.0,izkopts,Mežsaimnieks Biedrība,0
540,68800010053.0,1.0,10,Egle,,E,0.22,2019,2020.0,izkopts,Mežsaimnieks Biedrība,0
541,68800010053.0,1.0,16,Bērzs,,B,0.49,2019,2020.0,izkopts,Mežsaimnieks Biedrība,0
542,68800010053.0,1.0,17,Bērzs,,B,0.46,2019,2020.0,izkopts,Mežsaimnieks Biedrība,0
543,68800010053.0,1.0,24,Egle,,E,0.1,2019,2020.0,izkopts,Mežsaimnieks Biedrība,0
544,68860010005.0,1.0,12,Egle,,E,0.48,2020,0.0,izkopts,Mežsaimnieks Biedrība,0
545,68860010005.0,1.0,13,Egle,,E,0.32,2020,0.0,izkopts,Mežsaimnieks Biedrība,0
546,68860010005.0,1.0,14,Egle,,E,0.4,2020,0.0,izkopts,Mežsaimnieks Biedrība,0
547,68860010005.0,1.0,15,Egle,,E,0.66,2020,0.0,izkopts,Mežsaimnieks Biedrība,0
548,68860010005.0,1.0,16,Egle,,E,0.1,2020,0.0,izkopts,Mežsaimnieks Biedrība,0
549,68860010005.0,1.0,7,Egle,,E,0.08,2019,2020.0,izkopts,Mežsaimnieks Biedrība,0
550,78500070101.0,1.0,3,Egle;Bērzs,0.5,5E5B,2.12,2019,0.0,izkopts,Mežsaimnieks Biedrība,0
551,78500070078.0,1.0,2,Bērzs,,B,1.12,2022,2023.0,izkopts,Mežsaimnieks Biedrība,0
552,78500070078.0,1.0,10,Priede,,P,0.38,2022,2023.0,izkopts,Mežsaimnieks Biedrība,0
553,56680060226.0,1.0,1,Egle;Bērzs,0.5,5E5B,1.42,2021,2022.0,kops šogad,Mežsaimnieks Biedrība,0
554,56680060226.0,1.0,2,Egle;Bērzs,0.5,5E5B,0.73,2021,2022.0,kops šogad,Mežsaimnieks Biedrība,0
555,68700090119.0,1.0,1,Egle,,E,1.22,2019,0.0,izkopts,Mežsaimnieks Biedrība,0
556,68700090119.0,1.0,2,Egle,,E,3.01,2019,0.0,izkopts,Mežsaimnieks Biedrība,0
557,68660080062.0,1.0,8,Egle,,E,8.88,2020,0.0,izkopts,Mežsaimnieks Biedrība,0
558,68660080062.0,1.0,9,Egle,,E,0.28,2020,0.0,izkopts,Mežsaimnieks Biedrība,0
559,68660080062.0,1.0,10,Egle,,E,0.6,2020,0.0,izkopts,Mežsaimnieks Biedrība,0
560,68800040085.0,1.0,1,Egle,,E,4.3,2019,0.0,nekops/atcelts,Mežsaimnieks Biedrība,0
561,76900050220.0,1.0,4,Baltalksnis,,Ba,1.07,2019,2021.0,nekops/atcelts,Mežsaimnieks Biedrība,0
562,76900050220.0,1.0,5,Baltalksnis,,Ba,0.21,2019,2021.0,nekops/atcelts,Mežsaimnieks Biedrība,0
563,76900050220.0,1.0,9,Egle,,E,2.47,2020,2021.0,nekops/atcelts,Mežsaimnieks Biedrība,0
564,76900050220.0,1.0,11,Baltalksnis,,Ba,0.99,2019,2021.0,nekops/atcelts,Mežsaimnieks Biedrība,0
565,76900050220.0,1.0,14,Bērzs,,B,1.46,2020,0.0,izkopts,Mežsaimnieks Biedrība,0
566,76900050220.0,1.0,15,Bērzs,,B,0.39,2020,0.0,izkopts,Mežsaimnieks Biedrība,0
567,76900050221.0,1.0,1,Bērzs,,B,0.61,2020,0.0,izkopts,Mežsaimnieks Biedrība,0
568,78720110007.0,1.0,11,Egle,,E,5.38,2020,0.0,nekops/atcelts,Mežsaimnieks Biedrība,0
569,60740060185.0,4.0,2,,,,3.87,,0.0,nekops/atcelts,Mežsaimnieks Biedrība,2
570,56350150004.0,1.0,4,Egle,,E,0.78,2020,0.0,izkopts,Mežsaimnieks Biedrība,0
571,56350150004.0,1.0,5,Egle,,E,0.21,2020,0.0,izkopts,Mežsaimnieks Biedrība,0
572,68760030192.0,1.0,1,Egle,,E,0.1,2020,2021.0,izkopts,Mežsaimnieks Biedrība,0
573,68760030192.0,1.0,10,Egle,,E,0.15,2020,2021.0,izkopts,Mežsaimnieks Biedrība,0
574,68760030192.0,1.0,12,Bērzs,,B,0.83,2020,0.0,izkopts,Mežsaimnieks Biedrība,0
575,68760030192.0,1.0,13,Bērzs,,B,0.73,2020,0.0,izkopts,Mežsaimnieks Biedrība,0
576,68760030192.0,,14,Bērzs,,B,0.12,2020,,izkopts,Mežsaimnieks Biedrība,1
577,78720050009.0,1.0,7,Priede,,P,3.26,2021,2022.0,kops nākagad,Mežsaimnieks Biedrība,0
578,78720050009.0,1.0,8,Priede,,P,1.64,2021,2022.0,kops nākagad,Mežsaimnieks Biedrība,0
579,78960050039.0,1.0,1,Bērzs;Egle,0.5,5B5E,0.94,2021,2022.0,kops nākagad,Mežsaimnieks Biedrība,0
580,78960050039.0,1.0,3,Bērzs;Egle,0.5,5B5E,0.28,2021,2022.0,kops nākagad,Mežsaimnieks Biedrība,0
581,78960050012.0,1.0,2,Bērzs;Egle,0.5,5B5E,0.35,2021,2022.0,kops nākagad,Mežsaimnieks Biedrība,0
582,78960050012.0,1.0,3,Bērzs;Egle,0.5,5B5E,2.14,2021,2022.0,kops nākagad,Mežsaimnieks Biedrība,0
583,68600030124.0,1.0,27,,,,1.02,,0.0,,Mežsaimnieks Biedrība,2
584,68600030124.0,1.0,28,,,,0.61,,0.0,,Mežsaimnieks Biedrība,2
585,68600030124.0,1.0,30,,,,0.35,,2020.0,,Mežsaimnieks Biedrība,2
586,68920060124.0,1.0,3,,,,0.23,,2020.0,,Mežsaimnieks Biedrība,2
587,68920060124.0,1.0,6,,,,0.19,,2020.0,,Mežsaimnieks Biedrība,2
588,68920060124.0,1.0,21,,,,0.94,,0.0,,Mežsaimnieks Biedrība,2
589,68920060124.0,1.0,22,,,,0.32,,0.0,,Mežsaimnieks Biedrība,2
590,78960030020.0,1.0,1,,,,0.2,,2021.0,,Mežsaimnieks Biedrība,2
591,78960030020.0,1.0,4,,,,0.24,,0.0,,Mežsaimnieks Biedrība,2
592,78960030020.0,1.0,5,,,,0.16,,2021.0,,Mežsaimnieks Biedrība,2
593,78960030020.0,1.0,10,,,,0.5,,2021.0,,Mežsaimnieks Biedrība,2
594,78960030020.0,1.0,11,,,,0.31,,2021.0,,Mežsaimnieks Biedrība,2
595,78960030020.0,1.0,13,,,,0.85,,2021.0,,Mežsaimnieks Biedrība,2
596,78960030020.0,1.0,22,,,,3.34,,0.0,,Mežsaimnieks Biedrība,2
597,76760050032.0,1.0,1,,,,1.39,,0.0,,Mežsaimnieks Biedrība,2
598,68640050071.0,1.0,2,,,,6.2,,0.0,,Mežsaimnieks Biedrība,2
599,44840040003.0,2.0,3,Bērzs,,B,2.19,2020,0.0,izkopts,Mežsaimnieks Biedrība,0
600,44840040003.0,,LZ,,,E vai B,4.0,2020,,izkopts,Mežsaimnieks Biedrība,1
601,76700110080.0,1.0,,Egle,,E,1.42,2020,,izkopts,Mežsaimnieks Biedrība,1
602,60710060031.0,,1,,,,,2019,,izkopts,Mežsaimnieks Biedrība,1
603,60710060031.0,,2,,,,,2019,,izkopts,Mežsaimnieks Biedrība,1
604,78620130037.0,1.0,1,Egle,,E,0.38,2020,0.0,izkopts,Mežsaimnieks Biedrība,0
605,78620130037.0,1.0,39,Egle,,E,2.9,2020,0.0,izkopts,Mežsaimnieks Biedrība,0
606,78620130037.0,1.0,40,Egle,,E,1.9,2020,0.0,izkopts,Mežsaimnieks Biedrība,0
607,56940020226.0,1.0,1,,,,0.28,,0.0,,Mežsaimnieks Biedrība,2
608,56940020226.0,1.0,2,,,,0.51,,0.0,,Mežsaimnieks Biedrība,2
609,56940020227.0,2.0,1,,,,0.41,,0.0,,Mežsaimnieks Biedrība,2
610,38860030574.0,1.0,1,,,,0.11,,0.0,nekops/atcelts,Mežsaimnieks Biedrība,2
611,38860030574.0,1.0,3,,,,0.31,,0.0,nekops/atcelts,Mežsaimnieks Biedrība,2
612,38860030574.0,1.0,10,,,,1.03,,0.0,nekops/atcelts,Mežsaimnieks Biedrība,2
613,38860030574.0,1.0,13,Melnalksnis,,M,0.58,2019,0.0,izkopts,Mežsaimnieks Biedrība,0
614,38860030574.0,1.0,14,Egle,,E,1.18,2019,0.0,izkopts,Mežsaimnieks Biedrība,0
615,38860030574.0,1.0,15,,,,1.68,,0.0,nekops/atcelts,Mežsaimnieks Biedrība,2
616,38860030573.0,1.0,1,Melnalksnis,,M,1.13,2019,0.0,izkopts,Mežsaimnieks Biedrība,0
617,38860030572.0,,1,,,,4.64,,,nekops/atcelts,Mežsaimnieks Biedrība,1
618,60680040424.0,1.0,,,,,1.5,,,,Mežsaimnieks Biedrība,1
619,68980080170.0,,,,,,3.0,,,,Mežsaimnieks Biedrība,1
620,78580020078.0,1.0,8,Priede,,P,1.5,2022,0.0,izkopts,Mežsaimnieks Biedrība,0
621,78580020078.0,1.0,5,,,E vai B,0.71,2022,0.0,izkopts,Mežsaimnieks Biedrība,2
622,78600040082.0,1.0,2,Egle,,E,0.81,2022,2023.0,kops šogad,Mežsaimnieks Biedrība,0
623,78600040082.0,1.0,3,Egle,,E,0.47,2022,2023.0,kops šogad,Mežsaimnieks Biedrība,0
624,78600040082.0,1.0,7,Egle,,E,1.41,2022,2023.0,kops šogad,Mežsaimnieks Biedrība,0
625,78600040082.0,1.0,8,Egle,,E,0.4,2022,2023.0,kops šogad,Mežsaimnieks Biedrība,0
626,78600040082.0,1.0,10,Egle,,E,0.38,2022,0.0,kops šogad,Mežsaimnieks Biedrība,0
627,78960030112.0,1.0,2,Egle,,E,1.03,2022,2023.0,izkopts,Mežsaimnieks Biedrība,0
628,60440030047.0,1.0,3,Egle,,E,3.07,2020,0.0,izkopts,Mežsaimnieks Biedrība,0
629,68880040006.0,1.0,7,Egle,,E,3.91,2021,2022.0,izkopts,Mežsaimnieks Biedrība,0
630,68880040006.0,1.0,8,Egle,,E,0.4,2021,2022.0,izkopts,Mežsaimnieks Biedrība,0
631,38740160115.0,1.0,24,Egle,,E,1.55,2022,,kops šogad,Mežsaimnieks Biedrība,0
632,88540060003.0,1.0,4,,,,2.33,,0.0,,Mežsaimnieks Biedrība,2
633,88540060003.0,1.0,5,,,,1.53,,2023.0,,Mežsaimnieks Biedrība,2
634,88540060003.0,1.0,10,,,,1.92,,2023.0,,Mežsaimnieks Biedrība,2
635,64820010032.0,1.0,LZ,Egle;Bērzs,,E/B,9.5,2020,,izkopts,Mežsaimnieks Biedrība,0
636,64820010032.0,1.0,3,Egle;Bērzs,,E/B,0.15,2020,2021.0,izkopts,Mežsaimnieks Biedrība,0
637,64820010032.0,1.0,4,Egle;Bērzs,,E/B,0.19,2020,2021.0,izkopts,Mežsaimnieks Biedrība,0
638,64820010032.0,1.0,6,Egle;Bērzs,,E/B,0.74,2020,2020.0,izkopts,Mežsaimnieks Biedrība,0
639,64820010032.0,1.0,12,Egle;Bērzs,,E/B,0.33,2020,0.0,izkopts,Mežsaimnieks Biedrība,0
640,64820010032.0,1.0,13,Egle;Bērzs,,E/B,1.79,2020,2020.0,izkopts,Mežsaimnieks Biedrība,0
641,64820010032.0,1.0,14,Egle;Bērzs,,E/B,0.45,2020,0.0,izkopts,Mežsaimnieks Biedrība,0
642,64820010032.0,1.0,18,Egle;Bērzs,,E/B,0.41,2020,2020.0,izkopts,Mežsaimnieks Biedrība,0
643,64820010032.0,1.0,27,Egle;Bērzs,,E/B,1.17,2020,2020.0,izkopts,Mežsaimnieks Biedrība,0
644,64820010032.0,1.0,29,Egle;Bērzs,,E/B,0.86,2020,2020.0,izkopts,Mežsaimnieks Biedrība,0
645,64820010032.0,1.0,32,Egle;Bērzs,,E/B,0.37,2020,0.0,izkopts,Mežsaimnieks Biedrība,0
646,64820010032.0,1.0,33,Egle;Bērzs,,E/B,0.26,2020,2020.0,izkopts,Mežsaimnieks Biedrība,0
647,64820010032.0,1.0,37,Egle;Bērzs,,E/B,1.18,2020,2023.0,izkopts,Mežsaimnieks Biedrība,0
648,64820010032.0,1.0,42,Egle;Bērzs,,E/B,0.49,2020,2021.0,izkopts,Mežsaimnieks Biedrība,0
649,64820010032.0,1.0,44,Egle;Bērzs,,E/B,0.59,2020,2020.0,izkopts,Mežsaimnieks Biedrība,0
650,98900020039.0,1.0,4,,,,0.9,,2021.0,,Mežsaimnieks Biedrība,2
651,84800030177.0,1.0,13,,,,2.5,,0.0,,Mežsaimnieks Biedrība,2
652,98780040096.0,,LZ,Melnalksnis;Bērzs,,M/B,6.0,2020,,izkopts,Mežsaimnieks Biedrība,1
653,90500040146.0,1.0,5,Bērzs,,B,0.7,2021,0.0,izkopts,Mežsaimnieks Biedrība,0
654,84940010069.0,1.0,15,,,,2.0,,,,Mežsaimnieks Biedrība,2
655,84940010069.0,1.0,16,,,,0.79,,,izkopts,Mežsaimnieks Biedrība,2
656,90500040146.0,1.0,18,Egle,,E,,2021,,izkopts,Mežsaimnieks Biedrība,1
657,90500040146.0,1.0,31,Egle,,E,,2021,,izkopts,Mežsaimnieks Biedrība,1
658,54310030152.0,1.0,LZ,Egle;Bērzs,,E/B,1.6,2021,,izkopts,Mežsaimnieks Biedrība,0
659,84800050012.0,1.0,2,Egle;Apse,,E/A,2.81,2019,2019.0,izkopts,Mežsaimnieks Biedrība,0
660,84800050012.0,1.0,3,Egle;Apse,,E/A,1.58,2019,2019.0,izkopts,Mežsaimnieks Biedrība,0
661,46980020008.0,1.0,,Egle;Bērzs,,E/B,17.0,2022,,kops šogad,Mežsaimnieks Biedrība,1
662,46640040044.0,1.0,27,Egle,,E,2.5,2019,0.0,izkopts,Mežsaimnieks Biedrība,0
663,74840040069.0,2.0,10,,,,0.51,,2020.0,kops šogad,Mežsaimnieks Biedrība,2
664,74840040069.0,2.0,11,,,,0.57,,2020.0,kops šogad,Mežsaimnieks Biedrība,2
665,54440010026.0,1.0,13,,,,0.29,,0.0,,Mežsaimnieks Biedrība,2
666,54440010026.0,1.0,13,,,,0.29,,0.0,,Mežsaimnieks Biedrība,2
667,32920060001.0,1.0,2,,,,0.47,,2022.0,nekops/atcelts,Mežsaimnieks Biedrība,2
668,32920060001.0,1.0,4,,,,0.42,,2022.0,nekops/atcelts,Mežsaimnieks Biedrība,2
669,32920060001.0,1.0,5,,,,0.21,,2022.0,nekops/atcelts,Mežsaimnieks Biedrība,2
670,32920060001.0,1.0,6,,,,0.57,,2022.0,nekops/atcelts,Mežsaimnieks Biedrība,2
671,32920060001.0,1.0,7,,,,0.71,,2022.0,nekops/atcelts,Mežsaimnieks Biedrība,2
672,32920060001.0,1.0,9,,,,4.36,,2022.0,nekops/atcelts,Mežsaimnieks Biedrība,2
673,32920060001.0,1.0,10,,,,0.1,,2022.0,nekops/atcelts,Mežsaimnieks Biedrība,2
674,32920060001.0,1.0,12,,,,0.97,,2022.0,nekops/atcelts,Mežsaimnieks Biedrība,2
675,56440050204.0,2.0,1,,,,0.21,,2022.0,kops šogad,Mežsaimnieks Biedrība,2
676,56440050203.0,1.0,7,,,,0.28,,2022.0,kops šogad,Mežsaimnieks Biedrība,2
677,56440050203.0,1.0,5,,,,0.5,,2022.0,kops šogad,Mežsaimnieks Biedrība,2
678,56440050203.0,1.0,9,,,,0.81,,2022.0,kops šogad,Mežsaimnieks Biedrība,2
679,56440020049.0,3.0,2,,,,0.21,,0.0,kops šogad,Mežsaimnieks Biedrība,2
680,56440020049.0,3.0,4,,,,0.08,,0.0,kops šogad,Mežsaimnieks Biedrība,2
681,56440020049.0,3.0,5,,,,0.38,,0.0,kops šogad,Mežsaimnieks Biedrība,2
682,56250080102.0,2.0,1,Baltalksnis,,Ba,0.8,2020,0.0,izkopts,Mežsaimnieks Biedrība,0
683,56250080102.0,2.0,4,Baltalksnis,,Ba,0.21,2020,0.0,izkopts,Mežsaimnieks Biedrība,0
684,56250080102.0,2.0,5,Egle;Bērzs,0.6,6E4B4,0.36,2019,2020.0,izkopts,Mežsaimnieks Biedrība,0
685,56250080102.0,2.0,6,Bērzs;Egle,0.5,5B5E4,1.4,2019,2020.0,izkopts,Mežsaimnieks Biedrība,0
686,56250080102.0,2.0,7,Bērzs;Egle,0.5,5B5E4,0.36,2019,2020.0,izkopts,Mežsaimnieks Biedrība,0
687,56250080102.0,2.0,9,Egle;Bērzs,0.7,7E3B4,14.2,2019,0.0,izkopts,Mežsaimnieks Biedrība,0
688,54820030122.0,1.0,4,Melnalksnis,,10M3 ,2.41,2020,0.0,izkopts,Mežsaimnieks Biedrība,0
689,54820030122.0,1.0,5,Baltalksnis;Egle;Melnalksnis,0.8,8Ba2 1E3 1M1 ,5.85,2021,0.0,izkopts,Mežsaimnieks Biedrība,0
690,54820030122.0,1.0,6,Baltalksnis;Melnalksnis,0.6,6Ba2 4M3 ,1.97,2021,0.0,izkopts,Mežsaimnieks Biedrība,0
691,54820030122.0,1.0,7,Melnalksnis,,10M3 ,0.18,2020,0.0,izkopts,Mežsaimnieks Biedrība,0
692,54820030122.0,1.0,8,Egle;Bērzs,0.8,8E2B3 ,1.19,2020,0.0,izkopts,Mežsaimnieks Biedrība,0
693,54820030122.0,1.0,9,Melnalksnis,,10M3 ,0.14,2020,0.0,izkopts,Mežsaimnieks Biedrība,0
694,54820030122.0,1.0,10,Baltalksnis,,10Ba2 ,0.05,2021,0.0,izkopts,Mežsaimnieks Biedrība,0
695,54820030122.0,1.0,11,Bērzs;Egle,0.5,5B5E4 ,0.24,2019,,izkopts,Mežsaimnieks Biedrība,0
696,80760100002.0,1.0,4,Priede,,P,0.12,2019,0.0,izkopts,Mežsaimnieks Biedrība,0
697,80760100002.0,1.0,5,Priede,,P,0.27,2018,2019.0,izkopts,Mežsaimnieks Biedrība,0
698,80760100042.0,1.0,5,Priede,,P,0.25,2021,2022.0,izkopts,Mežsaimnieks Biedrība,0
699,80760100042.0,1.0,6,Priede,,P,0.58,2021,2022.0,izkopts,Mežsaimnieks Biedrība,0
700,80760100042.0,1.0,15,Priede,,P,0.23,2021,2022.0,izkopts,Mežsaimnieks Biedrība,0
701,80760100042.0,1.0,17,Priede,,P,0.69,2021,2022.0,izkopts,Mežsaimnieks Biedrība,0
702,80760100042.0,1.0,19,Priede,,P,0.77,2021,2022.0,izkopts,Mežsaimnieks Biedrība,0
703,74940130045.0,154.0,2,Egle,,E,1.05999994,2023,0.0,,Rīgas meži,2
704,74940130045.0,154.0,5,Egle,,E,2.08,2023,0.0,,Rīgas meži,2
705,74940140063.0,168.0,6,Egle,,E,1.98,2023,0.0,,Rīgas meži,2
706,74940140063.0,179.0,11,Egle,,E,1.11,2023,0.0,,Rīgas meži,2
707,74940140063.0,179.0,13,Egle,,E,1.51,2023,0.0,,Rīgas meži,2
708,74940140063.0,180.0,10,Egle,,E,0.42,2023,0.0,,Rīgas meži,2
709,74940140063.0,180.0,21,Egle,,E,0.44,2023,0.0,,Rīgas meži,2
710,74940140063.0,180.0,23,Egle,,E,0.98,2023,0.0,,Rīgas meži,2
711,74940010044.0,13.0,3,Egle,,E,1.09,2023,2022.0,,Rīgas meži,2
712,74940140033.0,203.0,15,Egle,,E,1.79,2023,2022.0,,Rīgas meži,2
713,80840130265.0,172.0,9,Egle,,E,0.88,2023,2023.0,,Rīgas meži,2
714,80840130265.0,172.0,10,Egle,,E,2.56,2023,2023.0,,Rīgas meži,2
715,80840130265.0,174.0,26,Egle,,E,1.96,2023,2023.0,,Rīgas meži,2
716,80840130265.0,190.0,5,Egle,,E,1.31,2023,2023.0,,Rīgas meži,2
717,80840180478.0,178.0,53,Egle,,E,0.49,2023,2023.0,,Rīgas meži,2
718,80840180478.0,180.0,10,Egle,,E,0.44,2023,2023.0,,Rīgas meži,2
719,66880040110.0,9.0,25,Egle,,E,0.66,2023,2023.0,,Rīgas meži,2
720,66640010093.0,61.0,10,Egle,,E,4.73,2023,2023.0,,Rīgas meži,2
721,80800060573.0,84.0,11,Egle,,E,1.82,2023,2023.0,,Rīgas meži,2
722,80800050034.0,133.0,19,Egle,,E,1.07,2023,2023.0,,Rīgas meži,2
723,80800060575.0,118.0,20,Egle,,E,1.13,2023,2018.0,,Rīgas meži,2
724,80800060575.0,118.0,22,Egle,,E,0.47,2023,2018.0,,Rīgas meži,2
725,80800060575.0,118.0,23,Egle,,E,0.32,2023,2018.0,,Rīgas meži,2
726,80800060575.0,118.0,42,Egle,,E,1.74,2023,2018.0,,Rīgas meži,2
727,80800060575.0,118.0,43,Egle,,E,1.59,2023,2018.0,,Rīgas meži,2
728,80700083345.0,90.0,21,Egle,,E,2.2,2023,2023.0,,Rīgas meži,2
729,80700083345.0,91.0,43,Egle,,E,0.6,2023,2023.0,,Rīgas meži,2
730,80700083525.0,70.0,34,Egle,,E,1.87,2023,2023.0,,Rīgas meži,2
731,80700083525.0,78.0,31,Egle,,E,0.63,2023,2023.0,,Rīgas meži,2
732,80800060573.0,77.0,26,Egle,,E,0.4,2023,2023.0,,Rīgas meži,2
733,80800030085.0,34.0,26,Egle,,E,1.14,2023,2023.0,,Rīgas meži,2
734,80800030085.0,38.0,9,Egle,,E,1.47,2023,2023.0,,Rīgas meži,2
735,80800030085.0,38.0,21,Egle,,E,0.51,2023,2023.0,,Rīgas meži,2
736,80800030085.0,41.0,35,Egle,,E,0.98,2023,2023.0,,Rīgas meži,2
737,80800130060.0,153.0,10,Egle,,E,2.08,2023,2023.0,,Rīgas meži,2
738,80800130060.0,153.0,11,Egle,,E,2.09,2023,2023.0,,Rīgas meži,2
739,74290010116.0,318.0,8,Egle,,E,0.97,2023,0.0,,Rīgas meži,2
740,80560030018.0,272.0,5,Egle,,E,0.59,2023,0.0,,Rīgas meži,2
741,80560030018.0,286.0,8,Egle,,E,1.51,2023,0.0,,Rīgas meži,2
742,74290010116.0,373.0,19,Egle,,E,2.7,2023,2014.0,,Rīgas meži,2
743,80700140095.0,175.0,3,Egle,,E,1.83,2023,2021.0,,Rīgas meži,2
744,80800060576.0,169.0,12,Egle,,E,1.77,2023,2022.0,,Rīgas meži,2
745,80480140048.0,235.0,8,Egle,,E,1.37,2023,2023.0,,Rīgas meži,2
746,80480140048.0,238.0,24,Egle,,E,0.97,2023,2023.0,,Rīgas meži,2
747,80480140048.0,238.0,25,Egle,,E,0.27,2023,2023.0,,Rīgas meži,2
748,80480140048.0,253.0,21,Egle,,E,1.65,2023,2023.0,,Rīgas meži,2
749,80480150045.0,213.0,9,Egle,,E,0.48,2023,2023.0,,Rīgas meži,2
750,80760110637.0,86.0,17,Egle,,E,1.67,2023,2022.0,,Rīgas meži,2
751,80760150005.0,13.0,24,Egle,,E,1.39,2023,2020.0,,Rīgas meži,2
752,80480140049.0,135.0,25,Egle,,E,2.04,2023,2023.0,,Rīgas meži,2
753,80480140049.0,141.0,26,Egle,,E,0.16,2023,2023.0,,Rīgas meži,2
754,80480140049.0,142.0,5,Egle,,E,0.79,2023,2023.0,,Rīgas meži,2
